district,location,rooms,area,floor,total_floors,area_per_room,actual_price,predicted_price,absolute_error,percentage_error
Xətai,Ağ Şəhər,4.0,155.0,6.0,16.0,38.75,472000.0,749035.85,277035.85,58.69
Xətai,Ağ Şəhər,4.0,158.0,3.0,7.0,39.5,961000.0,796469.94,164530.06000000006,17.12
Nərimanov,Böyükşor,4.0,153.0,1.0,18.0,38.25,385000.0,539607.98,154607.97999999998,40.16
Xətai,Ağ Şəhər,3.0,132.0,8.0,8.0,44.0,503000.0,645871.44,142871.43999999994,28.4
Xətai,Ağ Şəhər,3.0,88.0,18.0,20.0,29.333333333333332,497000.0,359354.31,137645.69,27.7
Xətai,Ağ Şəhər,3.0,131.0,6.0,7.0,43.666666666666664,509000.0,645118.85,136118.84999999998,26.74
Sabunçu,Sea Breeze,4.0,121.0,4.0,7.0,30.25,720000.0,586835.24,133164.76,18.5
Xətai,Ağ Şəhər,4.0,176.0,2.0,18.0,44.0,1000000.0,869946.01,130053.98999999999,13.01
Nərimanov,Böyükşor,4.0,209.0,15.0,16.0,52.25,570000.0,690704.94,120704.93999999994,21.18
Xətai,Ağ Şəhər,3.0,133.0,1.0,7.0,44.333333333333336,504000.0,623753.5,119753.5,23.76
Nəsimi,Kubinka,4.0,150.0,2.0,5.0,37.5,732000.0,615225.62,116774.38,15.95
Sabunçu,Sea Breeze,2.0,91.0,13.0,14.0,45.5,297000.0,413500.86,116500.85999999999,39.23
Sabunçu,Sea Breeze,2.0,73.0,4.0,9.0,36.5,268000.0,383331.04,115331.03999999998,43.03
Nərimanov,Böyükşor,3.0,141.0,6.0,15.0,47.0,652000.0,539856.49,112143.51000000001,17.2
Xətai,Ağ Şəhər,2.0,69.0,11.0,16.0,34.5,373000.0,264254.19,108745.81,29.15
Nərimanov,Böyükşor,5.0,195.0,15.0,17.0,39.0,584000.0,691810.91,107810.91000000003,18.46
Nəsimi,Kubinka,3.0,76.0,2.0,5.0,25.333333333333332,380000.0,272583.83,107416.16999999998,28.27
Nəsimi,Kubinka,3.0,152.0,19.0,24.0,50.666666666666664,659500.0,552545.0,106955.0,16.22
Nərimanov,Böyükşor,4.0,152.0,3.0,15.0,38.0,440000.0,546321.37,106321.37,24.16
Nəsimi,Kubinka,3.0,152.0,4.0,17.0,50.666666666666664,691000.0,585557.16,105442.83999999997,15.26
Xətai,Ağ Şəhər,4.0,181.0,6.0,7.0,45.25,1020000.0,914579.26,105420.73999999999,10.34
Səbail,Şıxov,3.0,118.0,4.0,7.0,39.333333333333336,219000.0,322989.89,103989.89000000001,47.48
Nəsimi,Kubinka,2.0,76.0,12.0,16.0,38.0,398000.0,297356.0,100644.0,25.29
Yasamal,Yasamal,3.0,104.0,5.0,9.0,34.666666666666664,443500.0,343669.59,99830.40999999997,22.51
Xətai,Əhmədli,4.0,153.0,5.0,16.0,38.25,283500.0,379350.69,95850.69,33.81
Nərimanov,Böyükşor,4.0,208.0,9.0,12.0,52.0,583000.0,677828.14,94828.14000000001,16.27
Nəsimi,Kubinka,3.0,120.0,11.0,24.0,40.0,530000.0,437678.06,92321.94,17.42
Sabunçu,Sea Breeze,5.0,180.0,9.0,9.0,36.0,720000.0,812263.33,92263.32999999996,12.81
Binəqədi,9-cu Mikrorayon,4.0,161.0,1.0,18.0,40.25,313000.0,402737.75,89737.75,28.67
Nəsimi,5-ci Mikrorayon,3.0,90.0,5.0,5.0,30.0,207000.0,295412.48,88412.47999999998,42.71
Nəsimi,Kubinka,3.0,127.0,6.0,24.0,42.333333333333336,564500.0,477220.56,87279.44,15.46
Nərimanov,Böyükşor,3.0,170.0,8.0,13.0,56.666666666666664,699500.0,612814.59,86685.41000000003,12.39
Xətai,Əhmədli,3.0,133.0,12.0,17.0,44.333333333333336,246000.0,328561.71,82561.71000000002,33.56
Xətai,Əhmədli,3.0,117.0,10.0,16.0,39.0,206000.0,286557.25,80557.25,39.11
Nəsimi,Kubinka,3.0,125.0,1.0,17.0,41.666666666666664,538000.0,460514.53,77485.46999999997,14.4
Xətai,Ağ Şəhər,3.0,123.0,15.0,16.0,41.0,638000.0,562148.99,75851.01000000001,11.89
Səbail,Bibiheybət,3.0,108.0,5.0,12.0,36.0,330000.0,256924.4,73075.6,22.14
Yasamal,Yasamal,4.0,158.0,18.0,18.0,39.5,574500.0,501967.91,72532.09000000003,12.63
Yasamal,Yasamal,4.0,158.0,14.0,18.0,39.5,430500.0,502597.51,72097.51000000001,16.75
Yasamal,Yasamal,4.0,134.0,2.0,5.0,33.5,332000.0,402667.46,70667.46000000002,21.29
Xətai,Ağ Şəhər,3.0,121.0,6.0,9.0,40.333333333333336,470000.0,540597.39,70597.39000000001,15.02
Yasamal,Yasamal,2.0,67.0,18.0,19.0,33.5,141000.0,209878.68,68878.68,48.85
Nizami,8-ci Kilometr,3.0,75.0,4.0,5.0,25.0,270000.0,201604.3,68395.70000000001,25.33
Nəsimi,2-ci Mikrorayon,3.0,83.0,2.0,5.0,27.666666666666668,312000.0,243879.7,68120.29999999999,21.83
Nərimanov,Böyükşor,4.0,173.0,5.0,14.0,43.25,536000.0,603708.95,67708.94999999995,12.63
Nərimanov,Böyükşor,3.0,105.0,6.0,19.0,35.0,454000.0,386764.97,67235.03000000003,14.81
Nərimanov,Böyükşor,2.0,94.0,6.0,16.0,47.0,374500.0,307727.65,66772.34999999998,17.83
Səbail,Şıxov,3.0,131.0,3.0,7.0,43.666666666666664,300000.0,365831.81,65831.81,21.94
Nəsimi,Kubinka,3.0,115.0,5.0,5.0,38.333333333333336,497500.0,432055.34,65444.659999999974,13.15
Binəqədi,Biləcəri,2.0,85.0,4.0,5.0,42.5,216000.0,151594.83,64405.17000000001,29.82
Nəsimi,Kubinka,3.0,132.0,11.0,16.0,44.0,575000.0,510660.81,64339.19,11.19
Səbail,Bayıl,3.0,85.0,17.0,17.0,28.333333333333332,272500.0,208327.47,64172.53,23.55
Binəqədi,28 May,3.0,93.0,4.0,18.0,31.0,364000.0,299887.64,64112.359999999986,17.61
Səbail,Badamdar,3.0,117.0,7.0,13.0,39.0,371000.0,306952.21,64047.78999999998,17.26
Xətai,Ağ Şəhər,3.0,105.0,15.0,18.0,35.0,462000.0,525065.78,63065.78000000003,13.65
Nəsimi,Kubinka,3.0,75.0,11.0,24.0,25.0,343500.0,284121.6,59378.40000000002,17.29
Xətai,Əhmədli,3.0,109.0,7.0,15.0,36.333333333333336,202000.0,261204.04,59204.04000000001,29.31
Xətai,Ağ Şəhər,3.0,131.0,11.0,17.0,43.666666666666664,583000.0,641613.24,58613.23999999999,10.05
Binəqədi,8-ci Mikrorayon,3.0,117.0,2.0,17.0,39.0,390000.0,331903.62,58096.380000000005,14.9
Nəsimi,5-ci Mikrorayon,3.0,90.0,6.0,9.0,30.0,351000.0,293323.88,57676.119999999995,16.43
Sabunçu,Bakıxanov,3.0,80.0,3.0,8.0,26.666666666666668,250500.0,194399.7,56100.29999999999,22.4
Sabunçu,Bakıxanov,3.0,92.0,2.0,4.0,30.666666666666668,277000.0,221041.27,55958.73000000001,20.2
Yasamal,Yasamal,2.0,57.0,7.0,16.0,28.5,235500.0,179770.42,55729.57999999999,23.66
Yasamal,Yasamal,4.0,153.0,3.0,5.0,38.25,443500.0,498830.84,55330.840000000026,12.48
Suraxanı,Qaraçuxur,3.0,77.0,3.0,5.0,25.666666666666668,215500.0,160281.72,55218.28,25.62
Nərimanov,Böyükşor,4.0,217.0,11.0,19.0,54.25,770000.0,715011.59,54988.41000000003,7.14
Səbail,Badamdar,3.0,96.0,3.0,3.0,32.0,296000.0,241647.34,54352.66,18.36
Səbail,Bayıl,3.0,82.0,8.0,17.0,27.333333333333332,146000.0,199942.95,53942.95000000001,36.95
Nəsimi,Kubinka,4.0,175.0,2.0,16.0,43.75,780000.0,726317.32,53682.68000000005,6.88
Nərimanov,Böyükşor,2.0,101.0,3.0,16.0,50.5,306500.0,360159.54,53659.53999999998,17.51
Xətai,Ağ Şəhər,2.0,55.0,8.0,17.0,27.5,306000.0,252611.03,53388.97,17.45
Sabunçu,Bakıxanov,4.0,120.0,4.0,9.0,30.0,340000.0,287693.81,52306.19,15.38
Nəsimi,Kubinka,2.0,83.0,8.0,17.0,41.5,368500.0,316246.36,52253.640000000014,14.18
Binəqədi,9-cu Mikrorayon,3.0,116.0,3.0,9.0,38.666666666666664,366000.0,313913.53,52086.46999999997,14.23
Yasamal,Yasamal,4.0,163.0,6.0,19.0,40.75,572500.0,520864.96,51635.03999999998,9.02
Binəqədi,6-cı Mikrorayon,2.0,88.0,6.0,18.0,44.0,277000.0,225606.8,51393.20000000001,18.55
Nəsimi,Kubinka,2.0,65.0,6.0,24.0,32.5,314000.0,262675.34,51324.659999999974,16.35
Xətai,Ağ Şəhər,2.0,61.0,18.0,18.0,30.5,329000.0,278002.01,50997.98999999999,15.5
Binəqədi,7-ci Mikrorayon,4.0,127.0,2.0,9.0,31.75,361000.0,310037.3,50962.70000000001,14.12
Binəqədi,Binəqədi,2.0,63.0,16.0,17.0,31.5,99000.0,149869.2,50869.20000000001,51.38
Xətai,Ağ Şəhər,4.0,157.0,6.0,7.0,39.25,850000.0,799373.24,50626.76000000001,5.96
Yasamal,Yasamal,3.0,65.0,8.0,19.0,21.666666666666668,271500.0,220949.42,50550.57999999999,18.62
Binəqədi,8-ci Mikrorayon,3.0,98.0,6.0,16.0,32.666666666666664,251000.0,300862.63,49862.630000000005,19.87
Xətai,Əhmədli,3.0,76.0,5.0,16.0,25.333333333333332,138000.0,187591.63,49591.630000000005,35.94
Yasamal,Yasamal,2.0,58.0,5.0,16.0,29.0,130000.0,179261.45,49261.45000000001,37.89
Binəqədi,8-ci Mikrorayon,3.0,87.0,13.0,19.0,29.0,234000.0,283160.38,49160.380000000005,21.01
Nəsimi,Kubinka,3.0,76.0,1.0,17.0,25.333333333333332,236500.0,285348.71,48848.71000000002,20.65
Sabunçu,Bakıxanov,2.0,71.0,8.0,8.0,35.5,216000.0,167341.05,48658.95000000001,22.53
Səbail,20-ci Sahə,4.0,101.0,2.0,17.0,25.25,167000.0,215048.04,48048.04000000001,28.77
Xətai,Əhmədli,4.0,169.0,5.0,17.0,42.25,359000.0,406766.34,47766.340000000026,13.31
Nəsimi,Kubinka,3.0,109.0,5.0,16.0,36.333333333333336,364000.0,411425.26,47425.26000000001,13.03
Nəsimi,Kubinka,2.0,57.0,15.0,16.0,28.5,183500.0,230867.95,47367.95000000001,25.81
Binəqədi,Binəqədi,1.0,63.0,1.0,3.0,63.0,107000.0,154266.61,47266.609999999986,44.17
Sabunçu,Bakıxanov,2.0,83.0,6.0,8.0,41.5,249000.0,201968.67,47031.32999999999,18.89
Sabunçu,Bakıxanov,4.0,124.0,7.0,8.0,31.0,340000.0,292970.24,47029.76000000001,13.83
Xəzər,Mərdəkan,4.0,136.0,2.0,4.0,34.0,185000.0,230479.13,45479.130000000005,24.58
Binəqədi,28 May,3.0,120.0,9.0,18.0,40.0,336000.0,381277.36,45277.359999999986,13.48
Yasamal,Yasamal,3.0,110.0,12.0,18.0,36.666666666666664,310000.0,355082.55,45082.54999999999,14.54
Səbail,Şıxov,4.0,136.0,4.0,6.0,34.0,380000.0,335018.21,44981.78999999998,11.84
Nəsimi,5-ci Mikrorayon,2.0,62.0,3.0,5.0,31.0,235000.0,190471.82,44528.17999999999,18.95
Nəsimi,Kubinka,3.0,96.0,5.0,5.0,32.0,433500.0,389135.18,44364.82000000001,10.23
Binəqədi,9-cu Mikrorayon,2.0,92.0,1.0,19.0,46.0,203000.0,247178.7,44178.70000000001,21.76
Nəsimi,3-cü Mikrorayon,4.0,148.0,10.0,16.0,37.0,390000.0,434093.14,44093.140000000014,11.31
Yasamal,Yasamal,2.0,70.0,5.0,19.0,35.0,170000.0,213540.72,43540.72,25.61
Nərimanov,Böyükşor,3.0,152.0,3.0,13.0,50.666666666666664,507000.0,550108.13,43108.130000000005,8.5
Səbail,Bibiheybət,2.0,63.0,10.0,17.0,31.5,103000.0,145296.86,42296.859999999986,41.06
Xətai,Köhnə Günəşli,4.0,107.0,1.0,9.0,26.75,271000.0,229490.13,41509.869999999995,15.32
Yasamal,Yasamal,2.0,71.0,16.0,18.0,35.5,173500.0,214999.73,41499.73000000001,23.92
Yasamal,Yasamal,3.0,139.0,5.0,9.0,46.333333333333336,506000.0,464891.92,41108.080000000016,8.12
Xətai,Əhmədli,2.0,76.0,4.0,15.0,38.0,217000.0,176499.59,40500.41,18.66
Yasamal,Yasamal,3.0,98.0,1.0,5.0,32.666666666666664,278500.0,318973.31,40473.31,14.53
Yasamal,Yasamal,3.0,110.0,7.0,9.0,36.666666666666664,304500.0,344913.86,40413.859999999986,13.27
Binəqədi,6-cı Mikrorayon,3.0,130.0,2.0,19.0,43.333333333333336,273000.0,312996.83,39996.830000000016,14.65
Səbail,Bibiheybət,4.0,114.0,2.0,2.0,28.5,216500.0,256289.72,39789.72,18.38
Səbail,Bayıl,4.0,114.0,2.0,17.0,28.5,234000.0,273620.92,39620.919999999984,16.93
Yasamal,Yasamal,3.0,135.0,4.0,5.0,45.0,418000.0,457321.26,39321.26000000001,9.41
Xəzər,Buzovna,4.0,131.0,3.0,3.0,32.75,160000.0,198802.92,38802.92000000001,24.25
Nərimanov,Böyükşor,4.0,200.0,2.0,13.0,50.0,687000.0,648399.57,38600.43000000005,5.62
Binəqədi,9-cu Mikrorayon,1.0,49.0,15.0,19.0,49.0,120000.0,158499.93,38499.92999999999,32.08
Xəzər,Binə,5.0,154.0,4.0,4.0,30.8,220000.0,181573.4,38426.600000000006,17.47
Nəsimi,5-ci Mikrorayon,2.0,52.0,5.0,5.0,26.0,130000.0,168420.74,38420.73999999999,29.55
Yasamal,Yasamal,3.0,78.0,2.0,9.0,26.0,215500.0,253768.86,38268.859999999986,17.76
Nəsimi,1-ci Mikrorayon,3.0,115.0,3.0,9.0,38.333333333333336,360000.0,321882.58,38117.419999999984,10.59
Sabunçu,Sabunçu,4.0,133.0,9.0,9.0,33.25,231500.0,269491.41,37991.409999999974,16.41
Binəqədi,Biləcəri,2.0,90.0,1.0,10.0,45.0,130000.0,167878.34,37878.34,29.14
Sabunçu,Bakıxanov,2.0,61.0,4.0,8.0,30.5,188500.0,150889.6,37610.399999999994,19.95
Səbail,Bibiheybət,2.0,62.0,11.0,12.0,31.0,176500.0,138912.33,37587.67000000001,21.3
Binəqədi,7-ci Mikrorayon,3.0,85.0,10.0,16.0,28.333333333333332,264000.0,226524.13,37475.869999999995,14.2
Xətai,Əhmədli,3.0,95.0,7.0,10.0,31.666666666666668,183000.0,220088.29,37088.29000000001,20.27
Suraxanı,Günəşli,3.0,93.0,6.0,15.0,31.0,245000.0,208299.32,36700.67999999999,14.98
Binəqədi,8-ci Mikrorayon,3.0,123.0,3.0,16.0,41.0,375000.0,338387.72,36612.28000000003,9.76
Binəqədi,Binəqədi,2.0,64.0,12.0,16.0,32.0,111000.0,147418.71,36418.70999999999,32.81
Yasamal,Yasamal,3.0,131.0,16.0,18.0,43.666666666666664,480500.0,444232.97,36267.03000000003,7.55
Yasamal,Yasamal,2.0,78.0,3.0,9.0,39.0,195500.0,231724.94,36224.94,18.53
Səbail,Bayıl,2.0,75.0,6.0,16.0,37.5,145500.0,181634.34,36134.34,24.83
Səbail,Badamdar,3.0,99.0,15.0,18.0,33.0,296500.0,260380.18,36119.82000000001,12.18
Sabunçu,Sabunçu,4.0,147.0,11.0,14.0,36.75,292500.0,328117.71,35617.71000000002,12.18
Binəqədi,8-ci Mikrorayon,3.0,70.0,7.0,18.0,23.333333333333332,192000.0,227548.42,35548.42000000001,18.51
Suraxanı,Zığ,4.0,125.0,7.0,9.0,31.25,151500.0,186892.46,35392.45999999999,23.36
Suraxanı,Günəşli,3.0,101.0,14.0,14.0,33.666666666666664,183000.0,218364.55,35364.54999999999,19.32
Sabunçu,Sabunçu,3.0,104.0,8.0,9.0,34.666666666666664,189000.0,224339.99,35339.98999999999,18.7
Suraxanı,Günəşli,4.0,95.0,10.0,10.0,23.75,179500.0,214593.56,35093.56,19.55
Səbail,Şıxov,3.0,121.0,3.0,7.0,40.333333333333336,289000.0,324076.27,35076.27000000002,12.14
Xətai,Əhmədli,4.0,164.0,2.0,11.0,41.0,430000.0,395102.23,34897.77000000002,8.12
Nizami,8-ci Kilometr,3.0,106.0,5.0,9.0,35.333333333333336,259000.0,293654.67,34654.669999999984,13.38
Binəqədi,Binəqədi,2.0,69.0,1.0,3.0,34.5,115000.0,149532.97,34532.97,30.03
Binəqədi,8-ci Mikrorayon,3.0,103.0,12.0,16.0,34.333333333333336,277000.0,311350.74,34350.73999999999,12.4
Səbail,Badamdar,3.0,94.0,16.0,16.0,31.333333333333332,207500.0,241809.58,34309.57999999999,16.53
Xətai,Əhmədli,3.0,141.0,8.0,15.0,47.0,392000.0,357761.17,34238.830000000016,8.73
Xətai,Əhmədli,3.0,101.0,5.0,9.0,33.666666666666664,202000.0,235482.14,33482.140000000014,16.58
Yasamal,Yasamal,3.0,126.0,3.0,16.0,42.0,447000.0,414022.26,32977.73999999999,7.38
Binəqədi,8-ci Mikrorayon,4.0,107.0,4.0,19.0,26.75,345000.0,312051.31,32948.69,9.55
Xəzər,Binə,3.0,89.0,1.0,4.0,29.666666666666668,141500.0,108552.63,32947.369999999995,23.28
Səbail,Badamdar,3.0,80.0,2.0,18.0,26.666666666666668,181000.0,213903.84,32903.84,18.18
Suraxanı,Günəşli,3.0,79.0,5.0,10.0,26.333333333333332,212500.0,179679.82,32820.17999999999,15.44
Abşeron,Masazır,2.0,83.0,2.0,14.0,41.5,140000.0,107352.28,32647.72,23.32
Nəsimi,2-ci Mikrorayon,2.0,48.0,9.0,17.0,24.0,118500.0,151097.22,32597.22,27.51
Xəzər,Mərdəkan,3.0,96.0,4.0,5.0,32.0,132000.0,164381.6,32381.600000000006,24.53
Nərimanov,Böyükşor,5.0,220.0,10.0,18.0,44.0,767500.0,735126.17,32373.829999999958,4.22
Qaradağ,Lökbatan,2.0,74.0,1.0,5.0,37.0,143500.0,111161.52,32338.479999999996,22.54
Sabunçu,Sea Breeze,2.0,74.0,3.0,7.0,37.0,389000.0,356684.86,32315.140000000014,8.31
Səbail,Bibiheybət,3.0,91.0,11.0,12.0,30.333333333333332,241000.0,208799.1,32200.899999999994,13.36
Xəzər,Mərdəkan,5.0,187.0,3.0,3.0,37.4,300000.0,332046.36,32046.359999999986,10.68
Xəzər,Mərdəkan,3.0,73.0,1.0,5.0,24.333333333333332,149500.0,117510.13,31989.869999999995,21.4
Xətai,Əhmədli,3.0,78.0,6.0,16.0,26.0,219000.0,187340.67,31659.329999999987,14.46
Binəqədi,Biləcəri,2.0,52.0,13.0,17.0,26.0,136000.0,104458.78,31541.22,23.19
Xətai,Əhmədli,3.0,88.0,15.0,16.0,29.333333333333332,230000.0,198536.12,31463.880000000005,13.68
Sabunçu,Zabrat,2.0,65.0,5.0,5.0,32.5,45000.0,76377.96,31377.960000000006,69.73
Nizami,8-ci Kilometr,2.0,64.0,6.0,16.0,32.0,210000.0,178666.51,31333.48999999999,14.92
Sabunçu,Zabrat,2.0,53.0,5.0,5.0,26.5,92500.0,61493.24,31006.760000000002,33.52
Xətai,Ağ Şəhər,3.0,120.0,10.0,11.0,40.0,525500.0,556453.27,30953.27000000002,5.89
Xəzər,Binə,3.0,67.0,2.0,3.0,22.333333333333332,54500.0,85171.74,30671.740000000005,56.28
Xətai,Köhnə Günəşli,3.0,77.0,3.0,9.0,25.666666666666668,200000.0,169343.37,30656.630000000005,15.33
Xəzər,Mərdəkan,4.0,148.0,2.0,3.0,37.0,300000.0,269541.65,30458.349999999977,10.15
Nərimanov,Böyükşor,4.0,144.0,5.0,13.0,36.0,486000.0,516401.26,30401.26000000001,6.26
Səbail,Badamdar,2.0,84.0,1.0,3.0,42.0,173500.0,203754.12,30254.119999999995,17.44
Xətai,Ağ Şəhər,2.0,64.0,6.0,17.0,32.0,303000.0,272845.42,30154.580000000016,9.95
Xəzər,Buzovna,4.0,128.0,1.0,4.0,32.0,221500.0,191422.95,30077.04999999999,13.58
Nəsimi,2-ci Mikrorayon,2.0,75.0,3.0,5.0,37.5,240000.0,210231.61,29768.390000000014,12.4
Yasamal,Yasamal,2.0,48.0,3.0,5.0,24.0,185500.0,155752.97,29747.03,16.04
Nərimanov,Böyükşor,3.0,135.0,12.0,13.0,45.0,537000.0,507418.33,29581.669999999984,5.51
Suraxanı,Hövsan,4.0,93.0,3.0,5.0,23.25,130500.0,159878.28,29378.28,22.51
Yasamal,Yasamal,3.0,129.0,9.0,9.0,43.0,409000.0,438277.37,29277.369999999995,7.16
Qaradağ,Müşfiqabad,4.0,87.0,1.0,8.0,21.75,92500.0,121503.77,29003.770000000004,31.36
Səbail,20-ci Sahə,4.0,80.0,1.0,2.0,20.0,198000.0,169199.08,28800.920000000013,14.55
Səbail,Badamdar,3.0,86.0,6.0,18.0,28.666666666666668,203000.0,231757.91,28757.910000000003,14.17
Suraxanı,Zığ,4.0,121.0,8.0,9.0,30.25,210000.0,181253.07,28746.929999999993,13.69
Xəzər,Binə,3.0,77.0,1.0,2.0,25.666666666666668,113500.0,84775.55,28724.449999999997,25.31
Səbail,Şıxov,2.0,78.0,7.0,7.0,39.0,231000.0,202310.38,28689.619999999995,12.42
Sabunçu,Ramana,2.0,74.0,1.0,9.0,37.0,58000.0,86389.26,28389.259999999995,48.95
Nəsimi,1-ci Mikrorayon,3.0,87.0,4.0,9.0,29.0,282500.0,254745.67,27754.329999999987,9.82
Binəqədi,6-cı Mikrorayon,2.0,61.0,3.0,7.0,30.5,176000.0,148390.21,27609.790000000008,15.69
Nəsimi,1-ci Mikrorayon,3.0,99.0,9.0,9.0,33.0,302000.0,274530.9,27469.099999999977,9.1
Nizami,8-ci Kilometr,1.0,35.0,3.0,5.0,35.0,85000.0,112388.25,27388.25,32.22
Səbail,Bayıl,3.0,102.0,7.0,17.0,34.0,281000.0,253744.17,27255.829999999987,9.7
Binəqədi,8-ci Mikrorayon,2.0,87.0,2.0,5.0,43.5,292000.0,264833.88,27166.119999999995,9.3
Nizami,8-ci Kilometr,2.0,69.0,5.0,5.0,34.5,210000.0,182851.27,27148.73000000001,12.93
Suraxanı,Zığ,2.0,61.0,7.0,14.0,30.5,121500.0,94467.27,27032.729999999996,22.25
Səbail,Şıxov,1.0,52.0,3.0,5.0,52.0,176000.0,149045.57,26954.429999999993,15.32
Nərimanov,Böyükşor,3.0,132.0,14.0,17.0,44.0,477000.0,503620.02,26620.02000000002,5.58
Xətai,Əhmədli,3.0,127.0,4.0,14.0,42.333333333333336,287000.0,313470.5,26470.5,9.22
Yasamal,Yasamal,3.0,67.0,5.0,5.0,22.333333333333332,247500.0,221060.82,26439.179999999993,10.68
Nizami,8-ci Kilometr,3.0,91.0,4.0,5.0,30.333333333333332,272500.0,246183.86,26316.140000000014,9.66
Binəqədi,7-ci Mikrorayon,1.0,53.0,2.0,17.0,53.0,131000.0,157268.85,26268.850000000006,20.05
Suraxanı,Hövsan,5.0,136.0,2.0,7.0,27.2,185000.0,211072.9,26072.899999999994,14.09
Səbail,Bibiheybət,3.0,109.0,17.0,17.0,36.333333333333336,286500.0,260461.17,26038.829999999987,9.09
Nəsimi,3-cü Mikrorayon,4.0,118.0,2.0,5.0,29.5,390000.0,364005.43,25994.570000000007,6.67
Nəsimi,Kubinka,2.0,72.0,14.0,17.0,36.0,311500.0,285568.99,25931.01000000001,8.32
Qaradağ,Lökbatan,3.0,66.0,12.0,16.0,22.0,131000.0,105071.52,25928.479999999996,19.79
Xəzər,Binə,2.0,47.0,3.0,4.0,23.5,76500.0,50592.33,25907.67,33.87
Binəqədi,6-cı Mikrorayon,4.0,142.0,9.0,18.0,35.5,320000.0,345476.17,25476.169999999984,7.96
Abşeron,Masazır,4.0,135.0,5.0,6.0,33.75,157500.0,182848.82,25348.820000000007,16.09
Yasamal,Yasamal,3.0,105.0,8.0,16.0,35.0,329000.0,354231.87,25231.869999999995,7.67
Xəzər,Buzovna,3.0,94.0,1.0,3.0,31.333333333333332,158000.0,132949.2,25050.79999999999,15.85
Nəsimi,4-cü Mikrorayon,2.0,51.0,2.0,5.0,25.5,164000.0,138989.31,25010.690000000002,15.25
Səbail,Bayıl,2.0,62.0,2.0,6.0,31.0,124500.0,149416.74,24916.73999999999,20.01
Xəzər,Mərdəkan,4.0,132.0,4.0,5.0,33.0,207500.0,232386.61,24886.609999999986,11.99
Nizami,8-ci Kilometr,3.0,134.0,1.0,5.0,44.666666666666664,320000.0,344808.81,24808.809999999998,7.75
Yasamal,Yasamal,2.0,63.0,12.0,16.0,31.5,223000.0,198246.44,24753.559999999998,11.1
Nizami,8-ci Kilometr,2.0,61.0,2.0,5.0,30.5,144500.0,169182.47,24682.47,17.08
Nəsimi,2-ci Mikrorayon,3.0,89.0,4.0,5.0,29.666666666666668,249500.0,274078.5,24578.5,9.85
Xəzər,Mərdəkan,2.0,75.0,4.0,5.0,37.5,142500.0,117964.62,24535.380000000005,17.22
Xətai,Əhmədli,2.0,75.0,2.0,10.0,37.5,143000.0,167434.82,24434.820000000007,17.09
Nəsimi,5-ci Mikrorayon,1.0,40.0,2.0,17.0,40.0,153500.0,129100.25,24399.75,15.9
Nəsimi,1-ci Mikrorayon,4.0,141.0,2.0,5.0,35.25,360000.0,384342.61,24342.609999999986,6.76
Yasamal,Yasamal,2.0,82.0,1.0,5.0,41.0,220000.0,244192.4,24192.399999999994,11.0
Suraxanı,Günəşli,3.0,88.0,5.0,9.0,29.333333333333332,179500.0,203650.48,24150.48000000001,13.45
Binəqədi,Binəqədi,2.0,54.0,2.0,5.0,27.0,151000.0,126947.87,24052.130000000005,15.93
Nəsimi,3-cü Mikrorayon,3.0,86.0,1.0,17.0,28.666666666666668,283000.0,259073.26,23926.73999999999,8.45
Qaradağ,Lökbatan,3.0,88.0,1.0,3.0,29.333333333333332,157500.0,133700.79,23799.209999999992,15.11
Yasamal,Yasamal,2.0,48.0,1.0,9.0,24.0,130000.0,153797.83,23797.829999999987,18.31
Xətai,Əhmədli,3.0,99.0,15.0,16.0,33.0,264000.0,240230.26,23769.73999999999,9.0
Nəsimi,1-ci Mikrorayon,2.0,65.0,8.0,9.0,32.5,168000.0,191646.93,23646.929999999993,14.08
Sabunçu,Zabrat,2.0,73.0,3.0,4.0,36.5,117000.0,93379.06,23620.940000000002,20.19
Qaradağ,Sahil,2.0,70.0,3.0,4.0,35.0,83500.0,107052.25,23552.25,28.21
Suraxanı,Hövsan,3.0,80.0,4.0,9.0,26.666666666666668,99000.0,122522.99,23522.990000000005,23.76
Xətai,Ağ Şəhər,2.0,57.0,6.0,11.0,28.5,230000.0,253491.05,23491.04999999999,10.21
Xətai,Köhnə Günəşli,3.0,79.0,4.0,9.0,26.333333333333332,197000.0,173718.01,23281.98999999999,11.82
Qaradağ,Lökbatan,3.0,72.0,17.0,18.0,24.0,96500.0,119690.81,23190.809999999998,24.03
Səbail,Bayıl,2.0,95.0,7.0,17.0,47.5,249000.0,225827.64,23172.359999999986,9.31
Sabunçu,Sabunçu,4.0,145.0,3.0,14.0,36.25,288500.0,311663.33,23163.330000000016,8.03
Suraxanı,Hövsan,3.0,88.0,1.0,9.0,29.333333333333332,155500.0,132471.55,23028.45000000001,14.81
Nizami,8-ci Kilometr,3.0,84.0,13.0,18.0,28.0,207000.0,229941.79,22941.790000000008,11.08
Xəzər,Binə,4.0,100.0,1.0,4.0,25.0,110000.0,132920.1,22920.100000000006,20.84
Sabunçu,Sabunçu,3.0,77.0,7.0,9.0,25.666666666666668,140500.0,163317.77,22817.76999999999,16.24
Yasamal,Yasamal,2.0,70.0,5.0,16.0,35.0,191500.0,214223.84,22723.839999999997,11.87
Nəsimi,5-ci Mikrorayon,1.0,42.0,4.0,5.0,42.0,118000.0,140403.67,22403.670000000013,18.99
Suraxanı,Qaraçuxur,4.0,93.0,3.0,4.0,23.25,220000.0,197601.82,22398.179999999993,10.18
Nəsimi,1-ci Mikrorayon,4.0,142.0,1.0,5.0,35.5,360000.0,382263.36,22263.359999999986,6.18
Suraxanı,Qaraçuxur,2.0,68.0,5.0,5.0,34.0,164000.0,142152.91,21847.089999999997,13.32
Nəsimi,3-cü Mikrorayon,2.0,63.0,10.0,17.0,31.5,219500.0,197671.35,21828.649999999994,9.94
Xətai,Köhnə Günəşli,4.0,114.0,1.0,5.0,28.5,222000.0,243818.74,21818.73999999999,9.83
Yasamal,Yasamal,2.0,63.0,5.0,5.0,31.5,169000.0,190809.92,21809.920000000013,12.91
Nəsimi,5-ci Mikrorayon,3.0,120.0,4.0,5.0,40.0,394500.0,372902.47,21597.530000000028,5.47
Suraxanı,Günəşli,3.0,84.0,2.0,15.0,28.0,204500.0,183243.5,21256.5,10.39
Yasamal,Yasamal,4.0,114.0,14.0,19.0,28.5,341000.0,362256.45,21256.45000000001,6.23
Sabunçu,Bakıxanov,4.0,113.0,4.0,5.0,28.25,302000.0,280844.31,21155.690000000002,7.01
Nəsimi,3-cü Mikrorayon,4.0,146.0,1.0,5.0,36.5,390000.0,411049.73,21049.72999999998,5.4
Binəqədi,Biləcəri,3.0,99.0,3.0,5.0,33.0,172000.0,193007.01,21007.01000000001,12.21
Xətai,Ağ Şəhər,5.0,216.0,2.0,7.0,43.2,1050000.0,1070820.6,20820.600000000093,1.98
Xətai,Əhmədli,3.0,88.0,16.0,17.0,29.333333333333332,177500.0,198272.51,20772.51000000001,11.7
Səbail,Şıxov,2.0,60.0,4.0,5.0,30.0,174500.0,153897.53,20602.47,11.81
Binəqədi,Binəqədi,3.0,112.0,1.0,3.0,37.333333333333336,260000.0,239532.03,20467.97,7.87
Sabunçu,Ramana,3.0,70.0,4.0,5.0,23.333333333333332,64500.0,84899.73,20399.729999999996,31.63
Sabunçu,Sea Breeze,2.0,83.0,7.0,9.0,41.5,415500.0,395132.47,20367.530000000028,4.9
Suraxanı,Zığ,3.0,78.0,5.0,9.0,26.0,144000.0,123983.58,20016.42,13.9
Səbail,Badamdar,4.0,124.0,3.0,16.0,31.0,329500.0,309577.47,19922.530000000028,6.05
Binəqədi,9-cu Mikrorayon,2.0,81.0,6.0,9.0,40.5,244000.0,224162.25,19837.75,8.13
Xəzər,Buzovna,4.0,121.0,4.0,4.0,30.25,199500.0,179739.46,19760.540000000008,9.91
Qaradağ,Lökbatan,3.0,72.0,2.0,3.0,24.0,133000.0,113270.93,19729.070000000007,14.83
Nəsimi,3-cü Mikrorayon,3.0,78.0,5.0,5.0,26.0,262000.0,242465.08,19534.920000000013,7.46
Nərimanov,Böyükşor,5.0,189.0,10.0,12.0,37.8,651000.0,670366.3,19366.300000000047,2.97
Nizami,8-ci Kilometr,3.0,77.0,14.0,14.0,25.666666666666668,192000.0,211295.61,19295.609999999986,10.05
Binəqədi,28 May,4.0,90.0,4.0,12.0,22.5,293000.0,312238.72,19238.719999999972,6.57
Nərimanov,Böyükşor,3.0,141.0,10.0,13.0,47.0,514000.0,533223.89,19223.890000000014,3.74
Nəsimi,5-ci Mikrorayon,2.0,57.0,11.0,16.0,28.5,159000.0,178114.12,19114.119999999995,12.02
Xəzər,Buzovna,3.0,94.0,4.0,5.0,31.333333333333332,116500.0,135397.25,18897.25,16.22
Xəzər,Binə,2.0,59.0,4.0,4.0,29.5,89000.0,70292.19,18707.809999999998,21.02
Xətai,Köhnə Günəşli,3.0,70.0,3.0,5.0,23.333333333333332,169000.0,150478.73,18521.26999999999,10.96
Qaradağ,Sahil,3.0,64.0,2.0,14.0,21.333333333333332,79000.0,97385.52,18385.520000000004,23.27
Nəsimi,5-ci Mikrorayon,3.0,137.0,9.0,9.0,45.666666666666664,389500.0,407857.64,18357.640000000014,4.71
Binəqədi,7-ci Mikrorayon,3.0,110.0,3.0,18.0,36.666666666666664,311000.0,292680.74,18319.26000000001,5.89
Suraxanı,Zığ,3.0,100.0,6.0,9.0,33.333333333333336,139000.0,157292.14,18292.140000000014,13.16
Nizami,8-ci Kilometr,2.0,35.0,9.0,16.0,17.5,102000.0,120257.58,18257.58,17.9
Xətai,Köhnə Günəşli,3.0,74.0,1.0,16.0,24.666666666666668,181000.0,162776.44,18223.559999999998,10.07
Nizami,8-ci Kilometr,2.0,38.0,9.0,16.0,19.0,104500.0,122640.24,18140.240000000005,17.36
Səbail,20-ci Sahə,2.0,70.0,1.0,5.0,35.0,152000.0,133887.75,18112.25,11.92
Suraxanı,Qaraçuxur,2.0,67.0,3.0,11.0,33.5,159500.0,141772.8,17727.20000000001,11.11
Qaradağ,Sahil,4.0,94.0,5.0,5.0,23.5,169500.0,151803.39,17696.609999999986,10.44
Binəqədi,7-ci Mikrorayon,2.0,88.0,5.0,13.0,44.0,216000.0,233560.54,17560.540000000008,8.13
Səbail,20-ci Sahə,1.0,35.0,1.0,1.0,35.0,75000.0,92467.77,17467.770000000004,23.29
Sabunçu,Savalan,3.0,69.0,1.0,4.0,23.0,104000.0,86603.27,17396.729999999996,16.73
Sabunçu,Savalan,4.0,93.0,1.0,4.0,23.25,103500.0,120811.51,17311.509999999995,16.73
Xətai,Əhmədli,3.0,92.0,12.0,17.0,30.666666666666668,194000.0,211299.5,17299.5,8.92
Nərimanov,Böyükşor,3.0,118.0,18.0,18.0,39.333333333333336,408500.0,425663.74,17163.73999999999,4.2
Nəsimi,1-ci Mikrorayon,2.0,50.0,2.0,5.0,25.0,137000.0,154131.27,17131.26999999999,12.5
Suraxanı,Qaraçuxur,2.0,52.0,1.0,11.0,26.0,126000.0,108919.19,17080.809999999998,13.56
Sabunçu,Bakıxanov,4.0,123.0,5.0,5.0,30.75,279000.0,296075.19,17075.190000000002,6.12
Binəqədi,Biləcəri,4.0,115.0,2.0,5.0,28.75,250000.0,232943.25,17056.75,6.82
Xətai,Köhnə Günəşli,2.0,61.0,8.0,12.0,30.5,107000.0,123859.67,16859.67,15.76
Nəsimi,1-ci Mikrorayon,4.0,119.0,7.0,9.0,29.75,360000.0,343154.54,16845.46000000002,4.68
Nizami,8-ci Kilometr,2.0,46.0,2.0,5.0,23.0,152000.0,135200.61,16799.390000000014,11.05
Binəqədi,6-cı Mikrorayon,2.0,74.0,4.0,14.0,37.0,199000.0,182287.29,16712.709999999992,8.4
Nizami,8-ci Kilometr,2.0,45.0,10.0,19.0,22.5,121500.0,138118.16,16618.160000000003,13.68
Xəzər,Buzovna,4.0,116.0,4.0,4.0,29.0,194000.0,177396.18,16603.820000000007,8.56
Qaradağ,Lökbatan,2.0,70.0,12.0,15.0,35.0,92500.0,109081.51,16581.509999999995,17.93
Xəzər,Binə,4.0,140.0,2.0,2.0,35.0,156000.0,172490.79,16490.790000000008,10.57
Xəzər,Mərdəkan,3.0,89.0,2.0,4.0,29.666666666666668,137500.0,153913.74,16413.73999999999,11.94
Yasamal,Yasamal,1.0,36.0,3.0,9.0,36.0,156000.0,139622.57,16377.429999999993,10.5
Nəsimi,5-ci Mikrorayon,3.0,97.0,12.0,17.0,32.333333333333336,287000.0,303370.38,16370.380000000005,5.7
Yasamal,Yasamal,3.0,118.0,15.0,19.0,39.333333333333336,398500.0,382162.04,16337.960000000021,4.1
Səbail,Badamdar,1.0,42.0,1.0,3.0,42.0,135000.0,118865.83,16134.169999999998,11.95
Səbail,Bibiheybət,4.0,125.0,4.0,17.0,31.25,269000.0,284996.47,15996.469999999972,5.95
Binəqədi,8-ci Mikrorayon,3.0,85.0,4.0,16.0,28.333333333333332,284000.0,268059.61,15940.390000000014,5.61
Sabunçu,Sea Breeze,2.0,75.0,2.0,7.0,37.5,321000.0,336786.52,15786.520000000019,4.92
Binəqədi,8-ci Mikrorayon,3.0,78.0,8.0,16.0,26.0,237000.0,252394.0,15394.0,6.5
Suraxanı,Hövsan,3.0,86.0,3.0,5.0,28.666666666666668,149500.0,134126.68,15373.320000000007,10.28
Xəzər,Binə,3.0,79.0,3.0,5.0,26.333333333333332,105000.0,89720.53,15279.470000000001,14.55
Yasamal,Yasamal,3.0,128.0,9.0,9.0,42.666666666666664,452000.0,436763.25,15236.75,3.37
Nəsimi,3-cü Mikrorayon,2.0,53.0,1.0,9.0,26.5,171000.0,155774.07,15225.929999999993,8.9
Yasamal,Yasamal,2.0,76.0,11.0,19.0,38.0,245000.0,229816.89,15183.109999999986,6.2
Xəzər,Mərdəkan,4.0,124.0,3.0,3.0,31.0,190500.0,205656.11,15156.109999999986,7.96
Xəzər,Buzovna,4.0,136.0,4.0,4.0,34.0,222000.0,206923.47,15076.529999999999,6.79
Binəqədi,Binəqədi,2.0,61.0,4.0,18.0,30.5,127000.0,142065.08,15065.079999999987,11.86
Qaradağ,Lökbatan,2.0,58.0,11.0,18.0,29.0,110500.0,95456.73,15043.270000000004,13.61
Suraxanı,Günəşli,3.0,71.0,1.0,15.0,23.666666666666668,172500.0,157458.38,15041.619999999995,8.72
Xətai,Köhnə Günəşli,3.0,81.0,2.0,16.0,27.0,188000.0,172978.01,15021.98999999999,7.99
Binəqədi,6-cı Mikrorayon,3.0,75.0,12.0,17.0,25.0,209000.0,193984.86,15015.140000000014,7.18
Binəqədi,6-cı Mikrorayon,2.0,52.0,10.0,18.0,26.0,157000.0,142035.68,14964.320000000007,9.53
Qaradağ,Lökbatan,2.0,55.0,9.0,13.0,27.5,71000.0,85950.2,14950.199999999997,21.06
Binəqədi,6-cı Mikrorayon,2.0,45.0,5.0,19.0,22.5,114000.0,128949.63,14949.630000000005,13.11
Yasamal,Yasamal,2.0,59.0,1.0,9.0,29.5,149500.0,164434.02,14934.01999999999,9.99
Abşeron,Saray,3.0,97.0,13.0,14.0,32.333333333333336,104500.0,119373.91,14873.910000000003,14.23
Binəqədi,9-cu Mikrorayon,2.0,50.0,1.0,5.0,25.0,129000.0,143857.2,14857.200000000012,11.52
Sabunçu,Savalan,4.0,96.0,3.0,5.0,24.0,140000.0,125155.43,14844.570000000007,10.6
Binəqədi,8-ci Mikrorayon,2.0,59.0,14.0,14.0,29.5,196000.0,181274.23,14725.76999999999,7.51
Xəzər,Binə,3.0,87.0,1.0,2.0,29.0,120500.0,105917.67,14582.330000000002,12.1
Xəzər,Buzovna,4.0,135.0,4.0,4.0,33.75,219500.0,205098.22,14401.779999999999,6.56
Sabunçu,Savalan,4.0,87.0,4.0,5.0,21.75,107000.0,121344.55,14344.550000000003,13.41
Xətai,Köhnə Günəşli,2.0,64.0,8.0,9.0,32.0,118000.0,132216.56,14216.559999999998,12.05
Yasamal,Yasamal,3.0,69.0,1.0,9.0,23.0,233000.0,218825.81,14174.190000000002,6.08
Suraxanı,Qaraçuxur,1.0,40.0,3.0,4.0,40.0,80000.0,94167.32,14167.320000000007,17.71
Yasamal,Yasamal,2.0,67.0,4.0,5.0,33.5,218000.0,203869.77,14130.23000000001,6.48
Xəzər,Binə,3.0,91.0,4.0,5.0,30.333333333333332,100000.0,114062.71,14062.710000000006,14.06
Abşeron,Ceyranbatan,3.0,116.0,6.0,16.0,38.666666666666664,139500.0,153352.42,13852.420000000013,9.93
Suraxanı,Günəşli,2.0,62.0,4.0,10.0,31.0,152500.0,138705.87,13794.130000000005,9.05
Abşeron,Mehdiabad,2.0,86.0,11.0,11.0,43.0,111500.0,97849.73,13650.270000000004,12.24
Nəsimi,1-ci Mikrorayon,3.0,138.0,1.0,5.0,46.0,360000.0,373490.42,13490.419999999984,3.75
Nizami,8-ci Kilometr,2.0,75.0,3.0,5.0,37.5,210000.0,196524.83,13475.170000000013,6.42
Nəsimi,2-ci Mikrorayon,3.0,68.0,4.0,5.0,22.666666666666668,216500.0,203062.72,13437.279999999999,6.21
Xəzər,Mərdəkan,2.0,56.0,3.0,3.0,28.0,106000.0,92619.03,13380.970000000001,12.62
Qaradağ,Lökbatan,2.0,59.0,1.0,7.0,29.5,101000.0,87622.69,13377.309999999998,13.24
Binəqədi,6-cı Mikrorayon,2.0,58.0,5.0,5.0,29.0,136000.0,149260.72,13260.720000000001,9.75
Binəqədi,9-cu Mikrorayon,4.0,152.0,2.0,17.0,38.0,390000.0,403144.53,13144.530000000028,3.37
Sabunçu,Bakıxanov,3.0,90.0,2.0,4.0,30.0,235500.0,222359.65,13140.350000000006,5.58
Qaradağ,Lökbatan,2.0,54.0,2.0,6.0,27.0,72000.0,85084.18,13084.179999999993,18.17
Səbail,Bibiheybət,2.0,75.0,15.0,16.0,37.5,191500.0,178598.83,12901.170000000013,6.74
Qaradağ,Sahil,2.0,68.0,5.0,7.0,34.0,118000.0,105151.73,12848.270000000004,10.89
Nizami,8-ci Kilometr,2.0,35.0,1.0,5.0,17.5,109500.0,122340.08,12840.080000000002,11.73
Sabunçu,Savalan,2.0,80.0,5.0,5.0,40.0,102500.0,115295.55,12795.550000000003,12.48
Abşeron,Saray,2.0,74.0,5.0,5.0,37.0,105000.0,92218.47,12781.529999999999,12.17
Abşeron,Masazır,4.0,121.0,6.0,9.0,30.25,152000.0,164540.34,12540.339999999997,8.25
Binəqədi,7-ci Mikrorayon,2.0,50.0,8.0,17.0,25.0,132000.0,144526.0,12526.0,9.49
Binəqədi,9-cu Mikrorayon,4.0,162.0,8.0,9.0,40.5,390000.0,402515.26,12515.26000000001,3.21
Nizami,8-ci Kilometr,2.0,49.0,4.0,5.0,24.5,153500.0,140994.03,12505.970000000001,8.15
Binəqədi,9-cu Mikrorayon,2.0,47.0,3.0,5.0,23.5,154000.0,141634.72,12365.279999999999,8.03
Yasamal,Yasamal,3.0,72.0,1.0,19.0,24.0,242000.0,229859.89,12140.109999999986,5.02
Suraxanı,Zığ,2.0,50.0,3.0,9.0,25.0,70000.0,82105.13,12105.130000000005,17.29
Yasamal,Yasamal,2.0,72.0,7.0,19.0,36.0,230500.0,218528.85,11971.149999999994,5.19
Xəzər,Binə,4.0,89.0,3.0,3.0,22.25,126500.0,114558.19,11941.809999999998,9.44
Sabunçu,Ramana,4.0,108.0,2.0,4.0,27.0,147000.0,135121.44,11878.559999999998,8.08
Xəzər,Buzovna,3.0,110.0,4.0,5.0,36.666666666666664,170500.0,182288.77,11788.76999999999,6.91
Nəsimi,5-ci Mikrorayon,1.0,32.0,11.0,18.0,32.0,110000.0,121762.75,11762.75,10.69
Sabunçu,Bakıxanov,1.0,36.0,4.0,5.0,36.0,95000.0,106575.46,11575.460000000006,12.18
Qaradağ,Müşfiqabad,1.0,47.0,3.0,3.0,47.0,60000.0,71554.4,11554.399999999994,19.26
Suraxanı,Zığ,4.0,128.0,10.0,14.0,32.0,210000.0,198495.25,11504.75,5.48
Xətai,Köhnə Günəşli,2.0,61.0,6.0,9.0,30.5,136000.0,124504.46,11495.539999999994,8.45
Nizami,8-ci Kilometr,2.0,67.0,3.0,5.0,33.5,173000.0,184470.08,11470.079999999987,6.63
Nizami,8-ci Kilometr,3.0,123.0,4.0,5.0,41.0,320000.0,308575.58,11424.419999999984,3.57
Binəqədi,Biləcəri,4.0,117.0,3.0,5.0,29.25,223000.0,234407.25,11407.25,5.12
Abşeron,Masazır,3.0,106.0,5.0,8.0,35.333333333333336,152000.0,140787.81,11212.190000000002,7.38
Abşeron,Saray,2.0,74.0,3.0,12.0,37.0,102500.0,91302.26,11197.740000000005,10.92
Sabunçu,Zabrat,4.0,109.0,7.0,10.0,27.25,160000.0,148809.67,11190.329999999987,6.99
Nərimanov,Böyükşor,4.0,220.0,16.0,17.0,55.0,713000.0,724172.19,11172.189999999944,1.57
Səbail,Bibiheybət,2.0,66.0,2.0,17.0,33.0,157500.0,146340.47,11159.529999999999,7.09
Suraxanı,Günəşli,2.0,59.0,1.0,10.0,29.5,118500.0,129650.03,11150.029999999999,9.41
Binəqədi,6-cı Mikrorayon,2.0,79.0,14.0,19.0,39.5,197000.0,207996.71,10996.709999999992,5.58
Xətai,Əhmədli,3.0,126.0,12.0,14.0,42.0,322000.0,311020.71,10979.289999999979,3.41
Suraxanı,Qaraçuxur,3.0,94.0,2.0,11.0,31.333333333333332,178500.0,189381.19,10881.190000000002,6.1
Xətai,Ağ Şəhər,2.0,67.0,1.0,11.0,33.5,239000.0,249705.6,10705.600000000006,4.48
Xəzər,Binə,2.0,73.0,2.0,2.0,36.5,92500.0,81798.56,10701.440000000002,11.57
Nəsimi,4-cü Mikrorayon,3.0,84.0,2.0,9.0,28.0,212500.0,223113.93,10613.929999999993,4.99
Nəsimi,Kubinka,3.0,109.0,11.0,17.0,36.333333333333336,402500.0,413057.62,10557.619999999995,2.62
Sabunçu,Zabrat,3.0,71.0,2.0,5.0,23.666666666666668,77500.0,88009.6,10509.600000000006,13.56
Nəsimi,3-cü Mikrorayon,1.0,34.0,8.0,17.0,34.0,111500.0,121967.5,10467.5,9.39
Suraxanı,Zığ,5.0,119.0,5.0,9.0,23.8,203000.0,192613.76,10386.23999999999,5.12
Abşeron,Masazır,3.0,109.0,9.0,9.0,36.333333333333336,135000.0,145355.23,10355.23000000001,7.67
Yasamal,Yasamal,3.0,108.0,13.0,19.0,36.0,346000.0,356351.14,10351.140000000014,2.99
Suraxanı,Zığ,2.0,57.0,2.0,9.0,28.5,79500.0,89848.27,10348.270000000004,13.02
Yasamal,Yasamal,3.0,147.0,7.0,16.0,49.0,490000.0,500281.58,10281.580000000016,2.1
Nizami,8-ci Kilometr,2.0,78.0,3.0,5.0,39.0,210000.0,199802.48,10197.51999999999,4.86
Qaradağ,Sahil,4.0,118.0,6.0,8.0,29.5,172500.0,182686.62,10186.619999999995,5.91
Nəsimi,1-ci Mikrorayon,3.0,132.0,2.0,5.0,44.0,360000.0,369976.55,9976.549999999988,2.77
Qaradağ,Lökbatan,3.0,70.0,3.0,9.0,23.333333333333332,120000.0,110060.45,9939.550000000003,8.28
Xəzər,Binə,3.0,90.0,1.0,4.0,30.0,100000.0,109933.75,9933.75,9.93
Xəzər,Mərdəkan,2.0,68.0,4.0,5.0,34.0,119500.0,109793.63,9706.369999999995,8.12
Nizami,8-ci Kilometr,1.0,28.0,1.0,16.0,28.0,88000.0,97634.44,9634.440000000002,10.95
Nərimanov,Böyükşor,2.0,82.0,11.0,15.0,41.0,280500.0,270869.28,9630.719999999972,3.43
Abşeron,Saray,3.0,95.0,5.0,9.0,31.666666666666668,123500.0,113913.72,9586.279999999999,7.76
Abşeron,Masazır,2.0,51.0,5.0,16.0,25.5,68000.0,77580.06,9580.059999999998,14.09
Suraxanı,Günəşli,3.0,76.0,8.0,9.0,25.333333333333332,182500.0,173015.49,9484.51000000001,5.2
Yasamal,Yasamal,1.0,37.0,15.0,18.0,37.0,130000.0,139427.28,9427.279999999999,7.25
Nəsimi,4-cü Mikrorayon,2.0,60.0,2.0,5.0,30.0,165500.0,156120.92,9379.079999999987,5.67
Suraxanı,Günəşli,1.0,41.0,8.0,14.0,41.0,91500.0,100876.28,9376.279999999999,10.25
Sabunçu,Ramana,4.0,90.0,8.0,9.0,22.5,108000.0,117336.47,9336.470000000001,8.64
Yasamal,Yasamal,2.0,64.0,6.0,16.0,32.0,189500.0,198769.66,9269.660000000003,4.89
Nəsimi,4-cü Mikrorayon,1.0,45.0,5.0,5.0,45.0,120000.0,129259.42,9259.419999999998,7.72
Abşeron,Mehdiabad,4.0,128.0,2.0,9.0,32.0,169500.0,160255.71,9244.290000000008,5.45
Sabunçu,Bakıxanov,3.0,83.0,1.0,5.0,27.666666666666668,194000.0,203200.7,9200.700000000012,4.74
Nəsimi,1-ci Mikrorayon,2.0,67.0,8.0,9.0,33.5,204000.0,194853.94,9146.059999999998,4.48
Abşeron,Mehdiabad,3.0,104.0,6.0,6.0,34.666666666666664,132500.0,123399.51,9100.490000000005,6.87
Nərimanov,Böyükşor,2.0,103.0,6.0,18.0,51.5,366000.0,356956.24,9043.76000000001,2.47
Xəzər,Binə,1.0,50.0,1.0,2.0,50.0,68500.0,59473.42,9026.580000000002,13.18
Binəqədi,Binəqədi,2.0,57.0,15.0,16.0,28.5,133000.0,141756.7,8756.700000000012,6.58
Suraxanı,Günəşli,3.0,98.0,11.0,15.0,32.666666666666664,229500.0,220820.65,8679.350000000006,3.78
Qaradağ,Lökbatan,3.0,97.0,10.0,12.0,32.333333333333336,158000.0,149322.19,8677.809999999998,5.49
Səbail,20-ci Sahə,2.0,60.0,1.0,2.0,30.0,121500.0,112838.49,8661.509999999995,7.13
Səbail,Bibiheybət,3.0,98.0,4.0,12.0,32.666666666666664,228500.0,220116.53,8383.470000000001,3.67
Qaradağ,Sahil,2.0,61.0,6.0,13.0,30.5,99500.0,91129.18,8370.820000000007,8.41
Qaradağ,Lökbatan,3.0,89.0,15.0,17.0,29.666666666666668,132000.0,140313.09,8313.089999999997,6.3
Abşeron,Ceyranbatan,3.0,110.0,7.0,9.0,36.666666666666664,150500.0,142328.77,8171.2300000000105,5.43
Suraxanı,Günəşli,2.0,68.0,3.0,10.0,34.0,145500.0,153649.81,8149.809999999998,5.6
Nizami,8-ci Kilometr,1.0,20.0,3.0,5.0,20.0,71000.0,79149.04,8149.039999999994,11.48
Yasamal,Yasamal,1.0,33.0,6.0,18.0,33.0,143000.0,134853.35,8146.649999999994,5.7
Xəzər,Binə,4.0,113.0,3.0,3.0,28.25,131000.0,139086.54,8086.540000000008,6.17
Abşeron,Ceyranbatan,2.0,76.0,6.0,12.0,38.0,105500.0,97419.94,8080.059999999998,7.66
Yasamal,Yasamal,2.0,50.0,4.0,5.0,25.0,165000.0,157052.66,7947.3399999999965,4.82
Nəsimi,3-cü Mikrorayon,2.0,62.0,10.0,17.0,31.0,186500.0,194378.53,7878.529999999999,4.22
Nizami,8-ci Kilometr,2.0,52.0,13.0,18.0,26.0,162000.0,154224.19,7775.809999999998,4.8
Nəsimi,4-cü Mikrorayon,3.0,61.0,14.0,17.0,20.333333333333332,183500.0,175798.8,7701.200000000012,4.2
Abşeron,Ceyranbatan,2.0,80.0,7.0,9.0,40.0,111500.0,103876.82,7623.179999999993,6.84
Binəqədi,9-cu Mikrorayon,2.0,65.0,1.0,5.0,32.5,179000.0,171421.97,7578.029999999999,4.23
Xəzər,Buzovna,3.0,94.0,5.0,5.0,31.333333333333332,143000.0,135486.24,7513.760000000009,5.25
Səbail,Badamdar,4.0,151.0,2.0,3.0,37.75,380000.0,387493.18,7493.179999999993,1.97
Nəsimi,3-cü Mikrorayon,4.0,101.0,1.0,5.0,25.25,332500.0,325038.54,7461.460000000021,2.24
Binəqədi,Biləcəri,2.0,94.0,5.0,5.0,47.0,165000.0,172339.9,7339.899999999994,4.45
Sabunçu,Zabrat,4.0,106.0,3.0,10.0,26.5,150500.0,143202.43,7297.570000000007,4.85
Suraxanı,Zığ,5.0,118.0,11.0,14.0,23.6,193500.0,200590.66,7090.6600000000035,3.66
Xəzər,Binə,3.0,62.0,2.0,2.0,20.666666666666668,88500.0,81451.24,7048.759999999995,7.96
Binəqədi,9-cu Mikrorayon,3.0,77.0,2.0,5.0,25.666666666666668,211000.0,217961.37,6961.369999999995,3.3
Nizami,8-ci Kilometr,2.0,67.0,1.0,9.0,33.5,174500.0,181407.08,6907.079999999987,3.96
Suraxanı,Zığ,2.0,68.0,7.0,14.0,34.0,114500.0,107598.88,6901.119999999995,6.03
Nizami,8-ci Kilometr,1.0,36.0,2.0,16.0,36.0,120000.0,113120.57,6879.429999999993,5.73
Xətai,Əhmədli,2.0,62.0,13.0,16.0,31.0,157000.0,150251.27,6748.7300000000105,4.3
Qaradağ,Lökbatan,3.0,67.0,12.0,16.0,22.333333333333332,117500.0,110792.1,6707.899999999994,5.71
Binəqədi,7-ci Mikrorayon,2.0,89.0,1.0,5.0,44.5,241000.0,234294.09,6705.9100000000035,2.78
Xətai,Əhmədli,3.0,110.0,5.0,15.0,36.666666666666664,255000.0,261592.41,6592.4100000000035,2.59
Nəsimi,3-cü Mikrorayon,4.0,138.0,6.0,9.0,34.5,390000.0,396531.52,6531.520000000019,1.67
Abşeron,Masazır,2.0,56.0,8.0,10.0,28.0,73500.0,80018.24,6518.240000000005,8.87
Binəqədi,6-cı Mikrorayon,2.0,80.0,5.0,5.0,40.0,198000.0,204470.64,6470.640000000014,3.27
Nizami,8-ci Kilometr,1.0,36.0,4.0,16.0,36.0,120000.0,113559.16,6440.8399999999965,5.37
Sabunçu,Zabrat,1.0,34.0,1.0,4.0,34.0,45000.0,51362.18,6362.18,14.14
Sabunçu,Savalan,2.0,72.0,1.0,5.0,36.0,95000.0,88668.12,6331.880000000005,6.67
Nizami,8-ci Kilometr,2.0,77.0,13.0,19.0,38.5,210000.0,203812.9,6187.100000000006,2.95
Suraxanı,Günəşli,3.0,105.0,9.0,15.0,35.0,240000.0,233943.16,6056.8399999999965,2.52
Nizami,8-ci Kilometr,2.0,36.0,1.0,5.0,18.0,129000.0,122949.41,6050.5899999999965,4.69
Suraxanı,Hövsan,4.0,115.0,1.0,5.0,28.75,184000.0,177950.91,6049.0899999999965,3.29
Yasamal,Yasamal,3.0,93.0,17.0,19.0,31.0,296500.0,302544.2,6044.200000000012,2.04
Xətai,Köhnə Günəşli,3.0,76.0,4.0,7.0,25.333333333333332,175000.0,169023.2,5976.799999999988,3.42
Suraxanı,Qaraçuxur,2.0,53.0,11.0,12.0,26.5,111500.0,105645.98,5854.020000000004,5.25
Qaradağ,Sahil,2.0,65.0,4.0,4.0,32.5,102500.0,96790.49,5709.509999999995,5.57
Xəzər,Binə,2.0,54.0,2.0,3.0,27.0,64500.0,58825.17,5674.830000000002,8.8
Suraxanı,Zığ,5.0,134.0,3.0,5.0,26.8,210000.0,215649.19,5649.190000000002,2.69
Abşeron,Mehdiabad,3.0,77.0,5.0,12.0,25.666666666666668,101000.0,95374.33,5625.669999999998,5.57
Xətai,Köhnə Günəşli,3.0,68.0,1.0,12.0,22.666666666666668,149000.0,143375.88,5624.119999999995,3.77
Xətai,Əhmədli,3.0,117.0,5.0,11.0,39.0,284000.0,289613.56,5613.559999999998,1.98
Yasamal,Yasamal,4.0,130.0,5.0,5.0,32.5,391500.0,396989.69,5489.690000000002,1.4
Səbail,20-ci Sahə,2.0,50.0,2.0,3.0,25.0,106000.0,100510.67,5489.330000000002,5.18
Binəqədi,8-ci Mikrorayon,4.0,143.0,13.0,14.0,35.75,390000.0,395474.06,5474.059999999998,1.4
Qaradağ,Müşfiqabad,2.0,64.0,5.0,5.0,32.0,77000.0,82404.09,5404.0899999999965,7.02
Səbail,Şıxov,1.0,45.0,4.0,5.0,45.0,140000.0,134641.39,5358.609999999986,3.83
Səbail,Bayıl,3.0,85.0,14.0,16.0,28.333333333333332,203000.0,208353.4,5353.399999999994,2.64
Binəqədi,9-cu Mikrorayon,1.0,50.0,4.0,9.0,50.0,160000.0,154651.49,5348.510000000009,3.34
Qaradağ,Müşfiqabad,2.0,67.0,1.0,5.0,33.5,90000.0,84663.06,5336.940000000002,5.93
Xəzər,Mərdəkan,3.0,74.0,1.0,4.0,24.666666666666668,112000.0,117276.22,5276.220000000001,4.71
Binəqədi,8-ci Mikrorayon,2.0,75.0,8.0,16.0,37.5,224000.0,229251.12,5251.119999999995,2.34
Yasamal,Yasamal,3.0,91.0,14.0,19.0,30.333333333333332,295500.0,300742.06,5242.059999999998,1.77
Xətai,Əhmədli,3.0,83.0,1.0,14.0,27.666666666666668,189000.0,183769.95,5230.049999999988,2.77
Abşeron,Masazır,2.0,54.0,6.0,14.0,27.0,71500.0,76718.24,5218.240000000005,7.3
Sabunçu,Bakıxanov,2.0,85.0,3.0,4.0,42.5,196000.0,201200.47,5200.470000000001,2.65
Nəsimi,Kubinka,3.0,138.0,13.0,18.0,46.0,535500.0,530346.21,5153.790000000037,0.96
Xətai,Əhmədli,3.0,114.0,11.0,14.0,38.0,284500.0,279454.85,5045.150000000023,1.77
Sabunçu,Ramana,3.0,81.0,3.0,5.0,27.0,98000.0,103037.27,5037.270000000004,5.14
Səbail,Badamdar,3.0,106.0,6.0,18.0,35.333333333333336,283000.0,278006.33,4993.669999999984,1.76
Nəsimi,1-ci Mikrorayon,3.0,97.0,3.0,5.0,32.333333333333336,268500.0,273473.94,4973.940000000002,1.85
Nizami,8-ci Kilometr,2.0,58.0,3.0,14.0,29.0,161000.0,165910.7,4910.700000000012,3.05
Abşeron,Mehdiabad,3.0,124.0,2.0,9.0,41.333333333333336,151000.0,146127.18,4872.820000000007,3.23
Xətai,Ağ Şəhər,4.0,152.0,6.0,9.0,38.0,778000.0,773170.26,4829.739999999991,0.62
Xətai,Əhmədli,3.0,70.0,12.0,14.0,23.333333333333332,166000.0,161170.38,4829.619999999995,2.91
Nizami,8-ci Kilometr,2.0,63.0,5.0,5.0,31.5,166500.0,171203.43,4703.429999999993,2.82
Abşeron,Ceyranbatan,3.0,102.0,8.0,10.0,34.0,129000.0,133681.94,4681.940000000002,3.63
Qaradağ,Sahil,1.0,48.0,2.0,3.0,48.0,80000.0,84477.73,4477.729999999996,5.6
Sabunçu,Sabunçu,4.0,142.0,1.0,5.0,35.5,305000.0,309348.91,4348.909999999974,1.43
Xəzər,Binə,1.0,45.0,2.0,2.0,45.0,55500.0,51190.39,4309.610000000001,7.77
Abşeron,Ceyranbatan,2.0,63.0,1.0,14.0,31.5,77000.0,81208.55,4208.550000000003,5.47
Sabunçu,Zabrat,2.0,56.0,2.0,5.0,28.0,70000.0,65795.77,4204.229999999996,6.01
Nizami,8-ci Kilometr,2.0,54.0,1.0,5.0,27.0,153500.0,149327.09,4172.9100000000035,2.72
Abşeron,Ceyranbatan,3.0,109.0,11.0,14.0,36.333333333333336,135000.0,139099.44,4099.440000000002,3.04
Abşeron,Mehdiabad,2.0,86.0,1.0,6.0,43.0,93000.0,97064.62,4064.6199999999953,4.37
Suraxanı,Hövsan,4.0,118.0,5.0,5.0,29.5,185000.0,181149.86,3850.140000000014,2.08
Nizami,8-ci Kilometr,2.0,68.0,9.0,16.0,34.0,185500.0,189251.83,3751.829999999987,2.02
Binəqədi,Biləcəri,2.0,61.0,1.0,5.0,30.5,118000.0,114284.89,3715.1100000000006,3.15
Suraxanı,Zığ,2.0,56.0,2.0,9.0,28.0,92500.0,88845.07,3654.929999999993,3.95
Abşeron,Masazır,2.0,70.0,3.0,5.0,35.0,90500.0,94145.99,3645.9900000000052,4.03
Sabunçu,Ramana,1.0,30.0,6.0,9.0,30.0,45000.0,48644.85,3644.8499999999985,8.1
Nizami,8-ci Kilometr,2.0,54.0,3.0,16.0,27.0,158500.0,154885.22,3614.779999999999,2.28
Qaradağ,Lökbatan,1.0,37.0,2.0,5.0,37.0,65000.0,68595.98,3595.979999999996,5.53
Abşeron,Mehdiabad,2.0,50.0,9.0,11.0,25.0,71000.0,67467.97,3532.029999999999,4.97
Sabunçu,Zabrat,2.0,73.0,3.0,8.0,36.5,93000.0,96528.92,3528.9199999999983,3.79
Qaradağ,Lökbatan,2.0,52.0,8.0,16.0,26.0,84000.0,87492.85,3492.850000000006,4.16
Qaradağ,Lökbatan,2.0,54.0,6.0,15.0,27.0,89000.0,85593.86,3406.1399999999994,3.83
Binəqədi,Biləcəri,3.0,78.0,2.0,10.0,26.0,146000.0,149369.08,3369.079999999987,2.31
Xəzər,Mərdəkan,4.0,140.0,2.0,3.0,35.0,239000.0,242344.45,3344.4500000000116,1.4
Abşeron,Masazır,2.0,79.0,12.0,14.0,39.5,107000.0,103786.69,3213.3099999999977,3.0
Qaradağ,Sahil,2.0,69.0,5.0,6.0,34.5,103500.0,106630.61,3130.6100000000006,3.02
Səbail,20-ci Sahə,3.0,84.0,2.0,2.0,28.0,158000.0,161065.98,3065.9800000000105,1.94
Xətai,Əhmədli,3.0,78.0,1.0,15.0,26.0,176000.0,179030.55,3030.5499999999884,1.72
Nərimanov,Böyükşor,2.0,89.0,3.0,19.0,44.5,297500.0,300518.55,3018.5499999999884,1.01
Suraxanı,Qaraçuxur,4.0,109.0,4.0,11.0,27.25,220000.0,222940.52,2940.5199999999895,1.34
Suraxanı,Qaraçuxur,3.0,96.0,2.0,5.0,32.0,195000.0,197919.09,2919.0899999999965,1.5
Nəsimi,2-ci Mikrorayon,2.0,74.0,16.0,16.0,37.0,215500.0,218411.3,2911.2999999999884,1.35
Abşeron,Ceyranbatan,2.0,67.0,10.0,10.0,33.5,93000.0,90127.65,2872.350000000006,3.09
Binəqədi,8-ci Mikrorayon,2.0,81.0,6.0,9.0,40.5,231000.0,233798.18,2798.179999999993,1.21
Binəqədi,8-ci Mikrorayon,2.0,56.0,6.0,19.0,28.0,184000.0,181232.19,2767.8099999999977,1.5
Xəzər,Binə,3.0,63.0,1.0,2.0,21.0,79000.0,81753.15,2753.149999999994,3.48
Sabunçu,Sea Breeze,3.0,104.0,4.0,7.0,34.666666666666664,549000.0,551631.91,2631.9100000000326,0.48
Abşeron,Mehdiabad,2.0,65.0,2.0,5.0,32.5,76500.0,79112.46,2612.4600000000064,3.41
Binəqədi,Binəqədi,1.0,66.0,2.0,3.0,66.0,163000.0,160454.94,2545.0599999999977,1.56
Abşeron,Ceyranbatan,3.0,72.0,7.0,14.0,24.0,97000.0,99466.53,2466.529999999999,2.54
Xəzər,Binə,4.0,126.0,1.0,2.0,31.5,162000.0,159559.29,2440.709999999992,1.51
Xəzər,Binə,3.0,76.0,2.0,2.0,25.333333333333332,88000.0,90405.15,2405.149999999994,2.73
Abşeron,Saray,2.0,60.0,9.0,17.0,30.0,82500.0,80097.31,2402.6900000000023,2.91
Sabunçu,Sabunçu,1.0,35.0,1.0,9.0,35.0,82000.0,84376.17,2376.1699999999983,2.9
Səbail,Bibiheybət,2.0,84.0,8.0,12.0,42.0,183000.0,180704.87,2295.1300000000047,1.25
Yasamal,Yasamal,2.0,62.0,16.0,16.0,31.0,204500.0,202253.98,2246.0199999999895,1.1
Suraxanı,Qaraçuxur,2.0,67.0,12.0,12.0,33.5,134500.0,136696.74,2196.7399999999907,1.63
Binəqədi,9-cu Mikrorayon,2.0,55.0,17.0,18.0,27.5,156000.0,158129.63,2129.6300000000047,1.37
Nəsimi,1-ci Mikrorayon,3.0,111.0,4.0,5.0,37.0,323000.0,320895.84,2104.1599999999744,0.65
Yasamal,Yasamal,1.0,47.0,4.0,9.0,47.0,158000.0,160098.8,2098.7999999999884,1.33
Abşeron,Mehdiabad,3.0,116.0,5.0,5.0,38.666666666666664,145500.0,143437.6,2062.399999999994,1.42
Abşeron,Saray,3.0,75.0,6.0,17.0,25.0,99500.0,101524.23,2024.229999999996,2.03
Xəzər,Buzovna,2.0,66.0,4.0,4.0,33.0,96000.0,98022.72,2022.7200000000012,2.11
Abşeron,Saray,2.0,45.0,6.0,16.0,22.5,62500.0,64464.43,1964.4300000000003,3.14
Xəzər,Mərdəkan,2.0,59.0,1.0,3.0,29.5,98500.0,96625.24,1874.7599999999948,1.9
Abşeron,Saray,2.0,73.0,2.0,7.0,36.5,92000.0,90131.47,1868.5299999999988,2.03
Abşeron,Saray,2.0,72.0,16.0,16.0,36.0,96000.0,94288.82,1711.179999999993,1.78
Abşeron,Ceyranbatan,1.0,50.0,11.0,16.0,50.0,76500.0,78195.73,1695.729999999996,2.22
Səbail,Şıxov,1.0,48.0,1.0,7.0,48.0,145000.0,143342.06,1657.9400000000023,1.14
Xəzər,Binə,3.0,73.0,1.0,5.0,24.333333333333332,84500.0,83025.19,1474.8099999999977,1.75
Abşeron,Ceyranbatan,2.0,69.0,2.0,16.0,34.5,95000.0,93574.08,1425.9199999999983,1.5
Binəqədi,9-cu Mikrorayon,2.0,83.0,3.0,5.0,41.5,227000.0,228313.15,1313.1499999999942,0.58
Binəqədi,Binəqədi,2.0,50.0,4.0,5.0,25.0,123000.0,124145.42,1145.4199999999983,0.93
Səbail,Bayıl,4.0,135.0,3.0,17.0,33.75,320000.0,318958.93,1041.070000000007,0.33
Səbail,Şıxov,2.0,64.0,5.0,6.0,32.0,180000.0,178976.69,1023.3099999999977,0.57
Nizami,8-ci Kilometr,1.0,32.0,12.0,16.0,32.0,109500.0,108486.09,1013.9100000000035,0.93
Xəzər,Buzovna,3.0,92.0,1.0,3.0,30.666666666666668,130000.0,130975.73,975.7299999999959,0.75
Abşeron,Masazır,3.0,97.0,11.0,16.0,32.333333333333336,132000.0,131123.35,876.6499999999942,0.66
Suraxanı,Günəşli,3.0,72.0,11.0,15.0,24.0,162500.0,161663.35,836.6499999999942,0.51
Nəsimi,1-ci Mikrorayon,2.0,45.0,1.0,5.0,22.5,135500.0,134883.05,616.9500000000116,0.46
Abşeron,Mehdiabad,2.0,57.0,4.0,4.0,28.5,72500.0,73048.54,548.5399999999936,0.76
Xətai,Köhnə Günəşli,2.0,52.0,2.0,9.0,26.0,115000.0,114598.53,401.47000000000116,0.35
Binəqədi,8-ci Mikrorayon,2.0,70.0,2.0,5.0,35.0,211000.0,210599.19,400.8099999999977,0.19
Yasamal,Yasamal,2.0,82.0,3.0,9.0,41.0,244000.0,243605.14,394.85999999998603,0.16
Xəzər,Binə,3.0,90.0,1.0,2.0,30.0,111500.0,111776.16,276.1600000000035,0.25
Sabunçu,Zabrat,2.0,59.0,7.0,10.0,29.5,68000.0,67764.79,235.2100000000064,0.35
Nəsimi,2-ci Mikrorayon,3.0,95.0,17.0,17.0,31.666666666666668,283500.0,283293.5,206.5,0.07
Binəqədi,6-cı Mikrorayon,3.0,114.0,7.0,7.0,38.0,284000.0,283823.38,176.61999999999534,0.06
Nəsimi,1-ci Mikrorayon,2.0,49.0,7.0,16.0,24.5,147500.0,147660.43,160.42999999999302,0.11
Abşeron,Masazır,2.0,56.0,5.0,5.0,28.0,80500.0,80643.3,143.3000000000029,0.18
Sabunçu,Zabrat,3.0,93.0,3.0,5.0,31.0,119500.0,119638.11,138.11000000000058,0.12
